{"cameraMode":{"drawMode":0,"name":"Shaded","section":"Shading Mode"},"sceneLighting":true,"audioPlay":false,"sceneViewState":{"showFog":true,"showMaterialUpdate":false,"showSkybox":true,"showFlares":true,"showImageEffects":true,"showParticleSystems":true},"in2DMode":false,"pivot":{"x":49.355567932128909,"y":43.81538772583008,"z":20.981307983398439},"rotation":{"x":0.15666711330413819,"y":-0.8411707878112793,"z":0.33141064643859866,"w":0.3976620137691498},"size":4.282527446746826,"orthographic":false}